name,phone,age
심선혜,010-3968-7172,10
고현서,010-4443-4660,11
김민경,010-4913-6655,12
소영아,010-5175-6476,13
김나경,010-9375-3451,14
나병한,010-6224-2713,15
박준호,010-2979-0612,16
권영찬,010-2111-3640,17
신정훈,010-3673-2680,18
김채린,010-2070-5403,19
김혜성,010-5577-2797,20
문규민,010-9287-9750,21
박재민,010-4034-6733,22
김지훈,010-6302-9812,23
김교남,010-5190-3222,24
문지현,010-7102-5392,25
신상혁,010-2833-1428,26
김재원,010-9104-0669,27
강수현,010-4510-4260,28
박재경,010-9128-3198,29
남동균,010-2785-3956,30
강지현,010-6681-7988,31
김현수,010-6233-8561,32
강윤구,010-2230-4345,33
김윤정,010-3146-1465,34
송샛별,010-8486-8228,35
서영수,010-6325-1969,36
도경원,010-5918-3173,37
김다원,010-6483-4298,38
강사랑,010-2292-0134,39
김세용,010-3006-6508,40
송수영,010-3022-2507,41
